MSOA_Code,MSOA_Name,house_mean_price,crime_rate,PM_index,education
E02000001,City of London 001,533880,n/a,118,473.6
E02000002,Barking and Dagenham 001,191292,77,95,500.8
E02000003,Barking and Dagenham 002,197186,77,97,503.2
E02000004,Barking and Dagenham 003,204192,44,94,435.6
E02000005,Barking and Dagenham 004,164694,68,96,449.7
E02000006,Barking and Dagenham 005,178873,80,97,423.1
E02000007,Barking and Dagenham 006,162070,102,96,416.1
E02000008,Barking and Dagenham 007,164201,66,97,450.5
E02000009,Barking and Dagenham 008,173778,75,97,424.9
E02000010,Barking and Dagenham 009,162143,59,96,424.7
E02000011,Barking and Dagenham 010,175126,76,95,452.3
E02000012,Barking and Dagenham 011,263904,63,98,480.8
E02000013,Barking and Dagenham 012,178230,64,96,405.7
E02000014,Barking and Dagenham 013,166373,92,97,414.5
E02000015,Barking and Dagenham 014,139275,103,95,398.8
E02000016,Barking and Dagenham 015,142092,203,102,429.6
E02000017,Barking and Dagenham 016,202605,80,98,427.6
E02000018,Barking and Dagenham 017,159327,75,98,426.2
E02000019,Barking and Dagenham 018,165225,106,100,414
E02000020,Barking and Dagenham 019,190549,91,97,427.6
E02000021,Barking and Dagenham 020,155156,82,97,438.9
E02000022,Barking and Dagenham 021,135121,101,102,406
E02000023,Barking and Dagenham 022,144105,73,99,419.9
E02000024,Barnet 001,445974,68,94,526.2
E02000025,Barnet 002,342566,54,94,470
E02000026,Barnet 003,360055,38,94,437.1
E02000027,Barnet 004,312581,59,94,442.5
E02000028,Barnet 005,414004,58,96,495.1
E02000029,Barnet 006,321315,66,95,441
E02000030,Barnet 007,888333,43,95,492
E02000031,Barnet 008,480952,70,96,473.2
E02000032,Barnet 009,433381,37,96,529.9
E02000033,Barnet 010,309260,64,96,438.6
E02000034,Barnet 011,360595,53,96,472
E02000035,Barnet 012,388709,38,95,486.5
E02000036,Barnet 013,352538,48,100,451.4
E02000037,Barnet 014,388175,45,96,454.2
E02000038,Barnet 015,377501,64,99,492.9
E02000039,Barnet 016,540210,75,101,451.4
E02000040,Barnet 017,443234,55,95,438.6
E02000041,Barnet 018,349970,96,97,483.7
E02000042,Barnet 019,326802,78,99,518.5
E02000043,Barnet 020,530722,31,95,489
E02000044,Barnet 021,320511,46,97,430.9
E02000045,Barnet 022,298037,83,101,430.2
E02000046,Barnet 023,420041,63,99,472.2
E02000047,Barnet 024,223861,69,97,450.1
E02000048,Barnet 025,416263,59,98,483.5
E02000049,Barnet 026,246128,50,97,414.4
E02000050,Barnet 027,362022,71,101,453.9
E02000051,Barnet 028,550503,65,102,451.9
E02000052,Barnet 029,439980,57,99,434.7
E02000053,Barnet 030,272365,59,98,454.8
E02000054,Barnet 031,351717,47,103,468.1
E02000055,Barnet 032,481519,83,101,469.4
E02000056,Barnet 033,1241697,51,99,458.9
E02000057,Barnet 034,476350,56,105,438.1
E02000058,Barnet 035,763868,64,100,517.3
E02000059,Barnet 036,254626,60,100,428.1
E02000060,Barnet 037,619976,45,105,496.6
E02000061,Barnet 038,1078587,100,100,490.1
E02000062,Barnet 039,292896,231,107,444.7
E02000063,Barnet 040,351051,48,102,463.2
E02000064,Barnet 041,822495,67,102,466.5
E02000065,Bexley 001,145689,62,94,453.5
E02000066,Bexley 002,156419,82,96,446.1
E02000067,Bexley 003,145994,59,95,456.5
E02000068,Bexley 004,156855,87,96,433.8
E02000069,Bexley 005,191085,35,95,472.9
E02000070,Bexley 006,222005,29,96,461.2
E02000071,Bexley 007,202083,44,95,476.3
E02000072,Bexley 008,145992,77,94,381.3
E02000073,Bexley 009,251582,25,96,496.7
E02000074,Bexley 010,159160,52,96,433.5
E02000075,Bexley 011,259325,21,95,505.9
E02000076,Bexley 012,218449,50,96,488
E02000077,Bexley 013,220409,28,95,447.1
E02000078,Bexley 014,216909,29,94,485.3
E02000079,Bexley 015,230850,135,97,514
E02000080,Bexley 016,227068,53,97,507.1
E02000081,Bexley 017,215190,46,96,475.9
E02000082,Bexley 018,246040,29,98,526
E02000083,Bexley 019,191657,61,96,419.3
E02000084,Bexley 020,267509,28,99,478.4
E02000085,Bexley 021,244201,39,99,459.8
E02000086,Bexley 022,275385,27,95,482
E02000087,Bexley 023,320176,38,97,542.3
E02000088,Bexley 024,280631,26,95,490.3
E02000089,Bexley 025,294110,27,96,465.2
E02000090,Bexley 026,240934,60,97,494.4
E02000091,Bexley 027,264403,40,96,464.4
E02000092,Bexley 028,237352,58,94,430.8
E02000093,Brent 001,304480,58,96,461.9
E02000094,Brent 002,303805,70,97,439.5
E02000095,Brent 003,360309,78,97,471.2
E02000096,Brent 004,388588,52,96,462.2
E02000097,Brent 005,322749,56,97,437.8
E02000098,Brent 006,356494,44,97,421.9
E02000099,Brent 007,298311,52,97,411.5
E02000100,Brent 008,400885,56,97,498.4
E02000101,Brent 009,327753,78,99,397.7
E02000102,Brent 010,249782,51,102,401
E02000103,Brent 011,310997,73,102,444
E02000104,Brent 012,301508,74,99,415.6
E02000105,Brent 013,251839,65,98,505.9
E02000106,Brent 014,304310,106,108,442.5
E02000107,Brent 015,411591,67,100,426.6
E02000108,Brent 016,236697,43,98,493.3
E02000109,Brent 017,243400,106,99,406
E02000110,Brent 018,507043,56,99,465.7
E02000111,Brent 019,272820,76,98,457.6
E02000112,Brent 020,285933,117,100,411.7
E02000113,Brent 021,255150,109,106,383.6
E02000114,Brent 022,359512,82,101,408.6
E02000115,Brent 023,488688,91,102,503
E02000116,Brent 024,298479,90,101,394.4
E02000117,Brent 025,253679,108,103,398.7
E02000118,Brent 026,245125,72,99,449.2
E02000119,Brent 027,220723,119,102,389.3
E02000120,Brent 028,518767,105,102,419.5
E02000121,Brent 029,225706,100,99,424
E02000122,Brent 030,850064,54,99,462.9
E02000123,Brent 031,342808,123,106,409.9
E02000124,Brent 032,516365,99,103,458.9
E02000125,Brent 033,514270,58,103,431.1
E02000126,Brent 034,312319,65,104,389.8
E02000127,Bromley 001,247586,81,96,440.6
E02000128,Bromley 002,309810,69,95,509.4
E02000129,Bromley 003,270002,54,95,502.8
E02000130,Bromley 004,306075,93,97,451.8
E02000131,Bromley 005,223025,91,98,442.5
E02000132,Bromley 006,276184,86,97,418.4
E02000133,Bromley 007,594012,43,95,523
E02000134,Bromley 008,298107,123,97,542.4
E02000135,Bromley 009,209234,84,97,389.6
E02000136,Bromley 010,371678,69,95,470.4
E02000137,Bromley 011,327281,43,95,511.1
E02000138,Bromley 012,346701,33,96,487.5
E02000139,Bromley 013,329479,54,96,475.1
E02000140,Bromley 014,205028,81,95,417.2
E02000141,Bromley 015,247571,67,97,461.5
E02000142,Bromley 016,326508,46,97,500.9
E02000143,Bromley 017,320124,57,97,460.4
E02000144,Bromley 018,326602,115,97,546.4
E02000145,Bromley 019,172737,114,93,423.8
E02000146,Bromley 020,266691,42,96,522.8
E02000147,Bromley 021,440316,29,95,500.9
E02000148,Bromley 022,421382,48,93,512.6
E02000149,Bromley 023,219689,73,94,448.9
E02000150,Bromley 024,394525,69,95,457.9
E02000151,Bromley 025,456291,33,93,511.5
E02000152,Bromley 026,318559,52,94,446.5
E02000153,Bromley 027,394323,25,94,450.4
E02000154,Bromley 028,330533,89,94,536.2
E02000155,Bromley 029,252567,40,94,485.4
E02000156,Bromley 030,372860,35,95,472.9
E02000157,Bromley 031,339030,19,94,546.2
E02000158,Bromley 032,292921,51,93,484.4
E02000159,Bromley 033,533020,51,94,537.1
E02000160,Bromley 034,409403,44,94,465.6
E02000161,Bromley 035,300058,22,93,516.9
E02000162,Bromley 036,331040,48,92,499.2
E02000163,Bromley 037,405412,43,92,497.2
E02000164,Bromley 038,354131,58,92,467.6
E02000165,Bromley 039,240389,42,92,440.5
E02000166,Camden 001,841157,81,99,356.2
E02000167,Camden 002,1288115,78,101,421
E02000168,Camden 003,658291,113,105,466.3
E02000169,Camden 004,1619090,54,103,398.5
E02000170,Camden 005,647544,55,102,457.4
E02000171,Camden 006,791014,57,105,405.6
E02000172,Camden 007,489156,79,104,379.5
E02000173,Camden 008,1275480,81,106,452.2
E02000174,Camden 009,466924,68,105,422.3
E02000175,Camden 010,569011,89,105,436.3
E02000176,Camden 011,850661,51,103,445.8
E02000177,Camden 012,479224,103,106,354.8
E02000178,Camden 013,414772,94,103,399.9
E02000179,Camden 014,851042,65,107,415
E02000180,Camden 015,473124,84,111,419.1
E02000181,Camden 016,663407,54,101,385.4
E02000182,Camden 017,1385852,97,107,413
E02000183,Camden 018,1320660,242,104,434
E02000184,Camden 019,388115,132,112,415.6
E02000185,Camden 020,452031,107,106,425.4
E02000186,Camden 021,1778024,532,110,383.5
E02000187,Camden 022,429959,98,110,405.9
E02000188,Camden 023,319342,71,111,408.7
E02000189,Camden 024,573162,169,116,375.7
E02000190,Camden 025,461845,152,113,390.4
E02000191,Camden 026,878259,385,119,386.5
E02000192,Camden 027,636632,147,112,382.6
E02000193,Camden 028,801239,656,118,431
E02000194,Croydon 001,273775,84,98,451.2
E02000195,Croydon 002,322514,59,97,469.5
E02000196,Croydon 003,292311,67,98,448.3
E02000197,Croydon 004,260943,64,98,467.3
E02000198,Croydon 005,198119,77,99,473.8
E02000199,Croydon 006,216597,62,98,492.7
E02000200,Croydon 007,209594,90,98,490.7
E02000201,Croydon 008,180117,100,98,452.6
E02000202,Croydon 009,217175,65,97,465.1
E02000203,Croydon 010,186669,117,99,443.4
E02000204,Croydon 011,215836,88,99,454.3
E02000205,Croydon 012,214005,66,96,458.8
E02000206,Croydon 013,187923,103,98,467
E02000207,Croydon 014,187806,68,97,480
E02000208,Croydon 015,167811,104,98,412.7
E02000209,Croydon 016,185485,89,100,442.4
E02000210,Croydon 017,216352,49,96,505.3
E02000211,Croydon 018,298064,34,94,452.2
E02000212,Croydon 019,180009,137,101,439.5
E02000213,Croydon 020,178838,177,100,450.6
E02000214,Croydon 021,291593,48,97,505.4
E02000215,Croydon 022,213819,68,98,476
E02000216,Croydon 023,288640,39,96,443.6
E02000217,Croydon 024,195345,186,101,439.5
E02000218,Croydon 025,306318,44,94,412.8
E02000219,Croydon 026,326966,69,95,495.3
E02000220,Croydon 027,183020,251,101,490.3
E02000221,Croydon 028,233600,82,99,427.5
E02000222,Croydon 029,265500,62,97,510.3
E02000223,Croydon 030,169545,71,94,399.1
E02000224,Croydon 031,248444,77,97,488.4
E02000225,Croydon 032,185636,56,93,410.2
E02000226,Croydon 033,332831,36,95,507.3
E02000227,Croydon 034,221672,45,93,440.7
E02000228,Croydon 035,421052,31,95,544.4
E02000229,Croydon 036,178667,85,93,443.6
E02000230,Croydon 037,331777,74,98,494.3
E02000231,Croydon 038,586091,38,95,516.3
E02000232,Croydon 039,323223,37,93,473.3
E02000233,Croydon 040,287060,39,95,452.4
E02000234,Croydon 041,317575,52,95,468.8
E02000235,Croydon 042,346189,34,93,469.2
E02000236,Croydon 043,352933,32,93,519.2
E02000237,Croydon 044,317920,35,92,508.2
E02000238,Ealing 001,241679,62,97,448.1
E02000239,Ealing 002,295494,51,98,506.9
E02000240,Ealing 003,234357,62,97,410.2
E02000241,Ealing 004,238025,81,97,440.2
E02000242,Ealing 005,287552,51,97,452.2
E02000243,Ealing 006,238952,87,99,450.5
E02000244,Ealing 007,257125,107,102,476.6
E02000245,Ealing 008,175036,81,98,438.4
E02000246,Ealing 009,205626,77,96,453.2
E02000247,Ealing 010,203008,79,98,413.3
E02000248,Ealing 011,384253,91,109,489.9
E02000249,Ealing 012,272561,95,99,441
E02000250,Ealing 013,530468,41,100,571.8
E02000251,Ealing 014,258838,55,97,451.5
E02000252,Ealing 015,296305,147,106,421.8
E02000253,Ealing 016,284433,70,98,451.5
E02000254,Ealing 017,240778,47,98,421.4
E02000255,Ealing 018,430909,53,101,453.5
E02000256,Ealing 019,579555,60,103,505.2
E02000257,Ealing 020,456470,149,104,442.5
E02000258,Ealing 021,426203,54,104,458.7
E02000259,Ealing 022,355559,58,99,497.1
E02000260,Ealing 023,250214,141,103,456.7
E02000261,Ealing 024,359424,92,105,465.9
E02000262,Ealing 025,435476,148,102,455.5
E02000263,Ealing 026,223252,78,101,471.2
E02000264,Ealing 027,446740,83,103,467.2
E02000265,Ealing 028,360048,102,102,460.3
E02000266,Ealing 029,224492,96,100,434.5
E02000267,Ealing 030,338391,67,102,446.3
E02000268,Ealing 031,532049,59,100,451.1
E02000269,Ealing 032,485586,57,99,517.6
E02000270,Ealing 033,412422,73,100,426.8
E02000271,Ealing 034,788812,80,99,446.3
E02000272,Ealing 035,481057,42,98,504
E02000273,Ealing 036,556309,59,100,461.3
E02000274,Ealing 037,215526,87,100,455.9
E02000275,Ealing 038,320166,89,99,504.2
E02000276,Ealing 039,399989,50,100,459.7
E02000277,Enfield 001,214710,51,100,431
E02000278,Enfield 002,194889,75,99,379.9
E02000279,Enfield 003,205965,56,96,382.2
E02000280,Enfield 004,284917,49,95,437.2
E02000281,Enfield 005,221449,56,97,406.9
E02000282,Enfield 006,193992,85,96,376.7
E02000283,Enfield 007,231211,62,95,368.3
E02000284,Enfield 008,261262,49,95,448.3
E02000285,Enfield 009,296872,34,96,466.2
E02000286,Enfield 010,305622,43,95,521.4
E02000287,Enfield 011,877666,40,93,478.6
E02000288,Enfield 012,193742,105,97,376.6
E02000289,Enfield 013,424716,28,94,494.3
E02000290,Enfield 014,165080,93,96,382.6
E02000291,Enfield 015,237393,91,96,407.6
E02000292,Enfield 016,240833,67,97,449.3
E02000293,Enfield 017,472105,46,95,519.9
E02000294,Enfield 018,218088,62,96,408.2
E02000295,Enfield 019,349061,35,96,483.8
E02000296,Enfield 020,300476,69,96,425.3
E02000297,Enfield 021,337675,39,98,490.6
E02000298,Enfield 022,458071,45,96,509.5
E02000299,Enfield 023,192398,58,96,424.5
E02000300,Enfield 024,194118,50,99,441.6
E02000301,Enfield 025,177020,68,96,404
E02000302,Enfield 026,324368,50,97,453.3
E02000303,Enfield 027,212693,89,100,449.2
E02000304,Enfield 028,505317,47,97,503.7
E02000305,Enfield 029,355007,72,98,443.9
E02000306,Enfield 030,172836,132,102,417.7
E02000307,Enfield 031,245538,53,102,475.7
E02000308,Enfield 032,329911,63,102,436.1
E02000309,Enfield 033,194679,126,106,424.9
E02000310,Enfield 034,175699,94,102,427.4
E02000311,Enfield 035,270568,61,102,432
E02000312,Enfield 036,305781,67,102,441.6
E02000313,Greenwich 001,158497,64,96,421.1
E02000314,Greenwich 002,173288,70,96,450
E02000315,Greenwich 003,161879,77,95,426.8
E02000316,Greenwich 004,234504,153,100,467.9
E02000317,Greenwich 005,192897,62,98,400.1
E02000318,Greenwich 006,166416,81,96,437.2
E02000319,Greenwich 007,180214,57,97,442.3
E02000320,Greenwich 008,194674,53,96,422.6
E02000321,Greenwich 009,184682,67,98,423.8
E02000322,Greenwich 010,371423,159,106,451.1
E02000323,Greenwich 011,185098,87,98,455.1
E02000324,Greenwich 012,287202,67,99,374.8
E02000325,Greenwich 013,185604,54,96,458.8
E02000326,Greenwich 014,320096,48,104,476.5
E02000327,Greenwich 015,183793,71,98,449.7
E02000328,Greenwich 016,491422,50,102,538.6
E02000329,Greenwich 017,191460,40,95,441.6
E02000330,Greenwich 018,359055,110,102,451.6
E02000331,Greenwich 019,237391,70,100,434.6
E02000332,Greenwich 020,244183,45,96,505.3
E02000333,Greenwich 021,500377,66,102,479.2
E02000334,Greenwich 022,258501,43,98,397.8
E02000335,Greenwich 023,255008,33,98,511
E02000336,Greenwich 024,282600,50,100,413.8
E02000337,Greenwich 025,205436,50,104,400.1
E02000338,Greenwich 026,373418,81,99,444.4
E02000339,Greenwich 027,328952,98,104,558.4
E02000340,Greenwich 028,287387,117,97,505.3
E02000341,Greenwich 029,221990,68,99,339.1
E02000342,Greenwich 030,208114,44,96,427.2
E02000343,Greenwich 031,258508,65,98,448.1
E02000344,Greenwich 032,269686,46,98,477.8
E02000345,Hackney 001,389514,63,101,454.1
E02000346,Hackney 002,293282,81,104,444.8
E02000347,Hackney 003,337257,44,99,422.7
E02000348,Hackney 004,360248,56,101,427.3
E02000349,Hackney 005,267551,65,99,412.3
E02000350,Hackney 006,407674,56,101,405.7
E02000351,Hackney 007,360516,80,104,419
E02000352,Hackney 008,384181,57,101,457.4
E02000353,Hackney 009,542771,109,103,444.6
E02000354,Hackney 010,312394,83,101,429
E02000355,Hackney 011,397378,79,102,407.5
E02000356,Hackney 012,501104,66,101,459.3
E02000357,Hackney 013,250874,93,99,413.6
E02000358,Hackney 014,388249,115,101,428.1
E02000359,Hackney 015,385034,73,101,392
E02000360,Hackney 016,316980,66,104,445.8
E02000361,Hackney 017,334768,180,106,408.4
E02000362,Hackney 018,305982,114,111,383.7
E02000363,Hackney 019,291007,99,105,402.3
E02000364,Hackney 020,459880,114,103,424.2
E02000365,Hackney 021,457338,193,105,409.4
E02000366,Hackney 022,484224,97,105,369
E02000367,Hackney 023,388182,167,104,433.4
E02000368,Hackney 024,343527,66,102,387.2
E02000369,Hackney 025,341883,86,104,392
E02000370,Hackney 026,424787,78,104,421.2
E02000371,Hackney 027,482083,370,112,442.1
E02000372,Hammersmith and Fulham 001,369531,124,105,425.1
E02000373,Hammersmith and Fulham 002,299000,63,104,496.5
E02000374,Hammersmith and Fulham 003,523191,77,105,503.6
E02000375,Hammersmith and Fulham 004,463486,377,105,464
E02000376,Hammersmith and Fulham 005,489821,170,103,465.3
E02000377,Hammersmith and Fulham 006,472332,90,104,480.3
E02000378,Hammersmith and Fulham 007,469275,118,107,439.4
E02000379,Hammersmith and Fulham 008,643270,61,101,473.6
E02000380,Hammersmith and Fulham 009,751168,68,103,439.3
E02000381,Hammersmith and Fulham 010,879523,74,102,468.6
E02000382,Hammersmith and Fulham 011,717995,132,108,468.6
E02000383,Hammersmith and Fulham 012,525229,71,109,507.9
E02000384,Hammersmith and Fulham 013,624099,319,115,432.6
E02000385,Hammersmith and Fulham 014,465007,86,108,469.5
E02000386,Hammersmith and Fulham 015,400934,79,105,458.4
E02000387,Hammersmith and Fulham 016,509759,84,103,466.3
E02000388,Hammersmith and Fulham 017,624576,116,103,447.6
E02000389,Hammersmith and Fulham 018,705750,66,100,506.5
E02000390,Hammersmith and Fulham 019,706637,62,101,446.5
E02000391,Hammersmith and Fulham 020,1200599,126,105,444.1
E02000392,Hammersmith and Fulham 021,883230,111,102,405.8
E02000393,Hammersmith and Fulham 022,779370,58,102,440.7
E02000394,Hammersmith and Fulham 023,713398,57,100,458.9
E02000395,Hammersmith and Fulham 024,947621,93,100,473.3
E02000396,Hammersmith and Fulham 025,862851,76,101,424.3
E02000397,Haringey 001,268937,64,98,367.3
E02000398,Haringey 002,164997,105,98,421.3
E02000399,Haringey 003,197922,122,99,410
E02000400,Haringey 004,371031,78,100,412.2
E02000401,Haringey 005,232625,72,101,393.4
E02000402,Haringey 006,203214,88,100,367.6
E02000403,Haringey 007,292615,87,100,406.7
E02000404,Haringey 008,262675,64,100,417.8
E02000405,Haringey 009,528104,84,98,455.8
E02000406,Haringey 010,269982,59,99,376.1
E02000407,Haringey 011,195685,100,102,405.7
E02000408,Haringey 012,200199,114,102,376
E02000409,Haringey 013,273857,62,99,423.6
E02000410,Haringey 014,548107,65,100,464.5
E02000411,Haringey 015,182860,81,101,395.8
E02000412,Haringey 016,302215,324,101,408.2
E02000413,Haringey 017,764078,41,97,423.7
E02000414,Haringey 018,247858,67,98,412.4
E02000415,Haringey 019,299327,86,100,415.8
E02000416,Haringey 020,336721,63,99,345
E02000417,Haringey 021,635830,94,99,428.6
E02000418,Haringey 022,533943,53,99,458.8
E02000419,Haringey 023,371090,82,103,422.3
E02000420,Haringey 024,239698,120,101,371.6
E02000421,Haringey 025,202800,120,105,391.4
E02000422,Haringey 026,263923,76,102,378.6
E02000423,Haringey 027,301480,76,101,345.1
E02000424,Haringey 028,457668,45,98,425.9
E02000425,Haringey 029,317786,62,101,402.4
E02000426,Haringey 030,785000,65,100,472
E02000427,Haringey 031,402192,88,102,388
E02000428,Haringey 032,261690,77,101,411.2
E02000429,Haringey 033,505175,57,99,440.3
E02000430,Haringey 034,474752,78,100,406
E02000431,Haringey 035,530327,47,102,429.9
E02000432,Haringey 036,391840,59,100,422.8
E02000433,Harrow 001,542939,60,94,422.8
E02000434,Harrow 002,396628,49,95,448.1
E02000435,Harrow 003,385705,47,94,420.8
E02000436,Harrow 004,555232,33,93,503.1
E02000437,Harrow 005,347695,47,95,457.1
E02000438,Harrow 006,337640,54,96,459.7
E02000439,Harrow 007,288991,61,96,442.1
E02000440,Harrow 008,398540,52,96,434.3
E02000441,Harrow 009,449647,39,94,445.2
E02000442,Harrow 010,284621,46,96,478.4
E02000443,Harrow 011,246519,63,95,437.6
E02000444,Harrow 012,336308,50,96,457.2
E02000445,Harrow 013,250109,77,97,411.2
E02000446,Harrow 014,309269,38,95,446.4
E02000447,Harrow 015,343739,37,95,485.4
E02000448,Harrow 016,479168,49,95,504.9
E02000449,Harrow 017,290354,35,97,451.8
E02000450,Harrow 018,341508,49,97,457.6
E02000451,Harrow 019,352855,32,95,475.1
E02000452,Harrow 020,260965,73,96,446.4
E02000453,Harrow 021,251239,38,96,452.7
E02000454,Harrow 022,444407,23,94,491.8
E02000455,Harrow 023,307091,125,99,433.8
E02000456,Harrow 024,305685,39,96,443
E02000457,Harrow 025,370709,42,95,474.4
E02000458,Harrow 026,287275,33,94,460
E02000459,Harrow 027,245911,58,96,425
E02000460,Harrow 028,252661,49,96,414.8
E02000461,Harrow 029,365021,42,97,425.8
E02000462,Harrow 030,249957,70,97,472.6
E02000463,Harrow 031,257058,45,96,475.7
E02000464,Havering 001,202325,49,93,378.7
E02000465,Havering 002,182746,64,94,415
E02000466,Havering 003,214800,45,92,403.4
E02000467,Havering 004,153333,89,93,423.9
E02000468,Havering 005,221255,52,92,408.6
E02000469,Havering 006,183151,59,94,408.2
E02000470,Havering 007,231514,76,93,475.8
E02000471,Havering 008,291577,40,94,394.5
E02000472,Havering 009,234824,41,95,424.8
E02000473,Havering 010,261946,44,95,499
E02000474,Havering 011,191635,57,95,435.4
E02000475,Havering 012,334372,51,95,485.8
E02000476,Havering 013,188874,308,98,410.3
E02000477,Havering 014,271420,33,94,492
E02000478,Havering 015,589736,27,92,466.1
E02000479,Havering 016,198901,83,97,445.6
E02000480,Havering 017,178230,85,96,443.7
E02000481,Havering 018,273794,27,93,482.2
E02000482,Havering 019,408734,32,92,516.7
E02000483,Havering 020,232956,88,93,453.9
E02000484,Havering 021,241127,48,94,474.3
E02000485,Havering 022,271347,53,93,439.5
E02000486,Havering 023,231065,43,93,441.1
E02000487,Havering 024,419698,36,92,464
E02000488,Havering 025,249927,32,93,444.8
E02000489,Havering 026,221485,50,93,429.4
E02000490,Havering 027,201812,59,94,434.9
E02000491,Havering 028,193571,81,96,409.1
E02000492,Havering 029,229063,52,94,462.3
E02000493,Havering 030,180615,94,96,461.7
E02000494,Hillingdon 001,664253,34,92,512.8
E02000495,Hillingdon 002,322358,57,94,460.9
E02000496,Hillingdon 003,297398,58,92,421.7
E02000497,Hillingdon 004,383076,37,94,481.9
E02000498,Hillingdon 005,366275,38,92,476.1
E02000499,Hillingdon 006,395862,37,94,528.6
E02000500,Hillingdon 007,399803,75,94,512.2
E02000501,Hillingdon 008,315445,35,94,551
E02000502,Hillingdon 009,316644,42,95,507.3
E02000503,Hillingdon 010,293153,28,95,540.7
E02000504,Hillingdon 011,414387,31,94,538.7
E02000505,Hillingdon 012,271953,73,96,545.7
E02000506,Hillingdon 013,468961,50,96,531.7
E02000507,Hillingdon 014,263817,39,95,487.7
E02000508,Hillingdon 015,232337,140,95,522.1
E02000509,Hillingdon 016,226704,96,95,520.3
E02000510,Hillingdon 017,267769,74,96,529.3
E02000511,Hillingdon 018,233124,57,94,453.8
E02000512,Hillingdon 019,227896,81,95,464.2
E02000513,Hillingdon 020,183066,80,95,423.8
E02000514,Hillingdon 021,239201,77,96,476
E02000515,Hillingdon 022,195336,92,95,437
E02000516,Hillingdon 023,221614,60,97,509.2
E02000517,Hillingdon 024,228662,66,96,438.2
E02000518,Hillingdon 025,235066,65,97,442.2
E02000519,Hillingdon 026,219119,106,98,440.4
E02000520,Hillingdon 027,240663,116,99,451.7
E02000521,Hillingdon 028,242420,71,100,378.4
E02000522,Hillingdon 029,240487,69,98,419.7
E02000523,Hillingdon 030,212667,89,102,434
E02000524,Hillingdon 031,221074,379,102,408
E02000525,Hillingdon 032,210535,88,101,438.1
E02000526,Hounslow 001,845204,95,105,465.2
E02000527,Hounslow 002,571007,138,105,469.1
E02000528,Hounslow 003,304268,89,103,424.3
E02000529,Hounslow 004,227828,53,101,492.9
E02000530,Hounslow 005,184971,125,102,476.8
E02000531,Hounslow 006,395215,75,102,442.7
E02000532,Hounslow 007,713778,85,101,478.3
E02000533,Hounslow 008,584471,64,102,503.9
E02000534,Hounslow 009,368267,83,99,500
E02000535,Hounslow 010,284988,64,100,502.6
E02000536,Hounslow 011,283455,69,100,484
E02000537,Hounslow 012,387802,64,98,528.8
E02000538,Hounslow 013,251679,90,101,488.1
E02000539,Hounslow 014,288471,68,99,432.1
E02000540,Hounslow 015,289295,99,98,493.5
E02000541,Hounslow 016,251263,83,99,439.9
E02000542,Hounslow 017,237613,107,100,474.5
E02000543,Hounslow 018,244239,177,98,476.6
E02000544,Hounslow 019,286702,41,96,490
E02000545,Hounslow 020,310100,71,98,425.5
E02000546,Hounslow 021,235435,51,96,453.5
E02000547,Hounslow 022,215221,73,99,467.1
E02000548,Hounslow 023,181556,68,97,440
E02000549,Hounslow 024,215746,78,97,442.2
E02000550,Hounslow 025,197054,91,96,418.5
E02000551,Hounslow 026,202719,78,97,439.6
E02000552,Hounslow 027,208197,70,95,437.8
E02000553,Hounslow 028,233235,58,96,460.3
E02000554,Islington 001,382057,72,101,447
E02000555,Islington 002,460892,67,102,379.8
E02000556,Islington 003,363792,99,102,446.3
E02000557,Islington 004,463931,115,105,405.8
E02000558,Islington 005,254049,124,104,461.8
E02000559,Islington 006,507098,80,103,416.3
E02000560,Islington 007,370785,183,107,497.7
E02000561,Islington 008,530825,69,101,442.6
E02000562,Islington 009,513595,73,102,439.1
E02000563,Islington 010,394518,77,104,421.4
E02000564,Islington 011,376414,99,105,430.4
E02000565,Islington 012,440705,93,103,441.1
E02000566,Islington 013,706823,160,104,381.7
E02000567,Islington 014,512709,91,104,425.8
E02000568,Islington 015,375461,113,104,410
E02000569,Islington 016,686078,119,106,401.9
E02000570,Islington 017,758459,90,103,447
E02000571,Islington 018,551162,100,104,373
E02000572,Islington 019,348141,92,106,390.2
E02000573,Islington 020,772651,335,108,351
E02000574,Islington 021,674789,198,111,394.5
E02000575,Islington 022,662865,220,112,369.1
E02000576,Islington 023,539062,211,109,449.5
E02000577,Kensington and Chelsea 001,322713,150,109,486
E02000578,Kensington and Chelsea 002,674436,84,106,483.5
E02000579,Kensington and Chelsea 003,932292,92,112,504
E02000580,Kensington and Chelsea 004,899709,176,109,516.4
E02000581,Kensington and Chelsea 005,966241,86,106,533.4
E02000582,Kensington and Chelsea 006,1586898,168,105,551.8
E02000583,Kensington and Chelsea 007,2328636,137,106,564.8
E02000584,Kensington and Chelsea 008,1961355,145,106,465.1
E02000585,Kensington and Chelsea 009,1348060,66,107,545
E02000586,Kensington and Chelsea 010,2161788,106,107,504
E02000587,Kensington and Chelsea 011,2290030,88,109,587.5
E02000588,Kensington and Chelsea 012,2450617,243,112,529.9
E02000589,Kensington and Chelsea 013,1243932,83,112,542.5
E02000590,Kensington and Chelsea 014,1434863,124,112,449.1
E02000591,Kensington and Chelsea 015,842563,80,121,497.7
E02000592,Kensington and Chelsea 016,1732021,168,112,637.8
E02000593,Kensington and Chelsea 017,1475311,104,110,537.2
E02000594,Kensington and Chelsea 018,1683472,127,108,455
E02000595,Kensington and Chelsea 019,1732291,122,108,362.4
E02000596,Kensington and Chelsea 020,1189745,104,108,551.1
E02000597,Kensington and Chelsea 021,902783,84,112,478.6
E02000598,Kingston upon Thames 001,468132,32,97,512.6
E02000599,Kingston upon Thames 002,1086787,38,97,498.1
E02000600,Kingston upon Thames 003,403141,47,98,465.9
E02000601,Kingston upon Thames 004,434826,41,97,451.8
E02000602,Kingston upon Thames 005,323078,105,101,431.4
E02000603,Kingston upon Thames 006,288570,49,97,424.5
E02000604,Kingston upon Thames 007,389197,69,97,479.3
E02000605,Kingston upon Thames 008,399891,40,96,487.5
E02000606,Kingston upon Thames 009,384826,261,101,472.8
E02000607,Kingston upon Thames 010,392855,28,96,446.9
E02000608,Kingston upon Thames 011,333256,70,97,442.6
E02000609,Kingston upon Thames 012,356788,39,100,492.6
E02000610,Kingston upon Thames 013,321067,34,97,411.7
E02000611,Kingston upon Thames 014,461915,26,97,500.7
E02000612,Kingston upon Thames 015,368977,29,97,504.7
E02000613,Kingston upon Thames 016,345758,41,98,437
E02000614,Kingston upon Thames 017,282228,61,98,465.3
E02000615,Kingston upon Thames 018,266456,37,98,462.2
E02000616,Kingston upon Thames 019,237920,36,94,483.5
E02000617,Kingston upon Thames 020,257696,44,94,426.1
E02000618,Lambeth 001,488144,298,109,434.8
E02000619,Lambeth 002,430306,70,105,408.6
E02000620,Lambeth 003,484050,146,109,410.7
E02000621,Lambeth 004,522686,143,110,480.8
E02000622,Lambeth 005,372806,94,107,450.8
E02000623,Lambeth 006,328497,68,104,438.1
E02000624,Lambeth 007,395393,97,104,432.2
E02000625,Lambeth 008,283966,92,104,475.4
E02000626,Lambeth 009,296387,73,102,428.9
E02000627,Lambeth 010,393610,90,104,457.1
E02000628,Lambeth 011,246489,267,106,479.8
E02000629,Lambeth 012,510623,184,105,419.1
E02000630,Lambeth 013,687787,129,106,484.1
E02000631,Lambeth 014,421330,99,102,457.7
E02000632,Lambeth 015,385431,86,103,442.9
E02000633,Lambeth 016,313763,171,105,442.9
E02000634,Lambeth 017,432438,179,105,418
E02000635,Lambeth 018,358964,118,102,465.7
E02000636,Lambeth 019,659417,95,102,463.8
E02000637,Lambeth 020,359642,86,101,435.3
E02000638,Lambeth 021,309198,80,102,439.6
E02000639,Lambeth 022,258185,63,104,437.7
E02000640,Lambeth 023,499526,62,101,498.2
E02000641,Lambeth 024,266765,61,101,434.6
E02000642,Lambeth 025,362885,71,102,457.3
E02000643,Lambeth 026,397411,73,101,475.5
E02000644,Lambeth 027,331698,94,100,492.2
E02000645,Lambeth 028,400863,93,100,461.8
E02000646,Lambeth 029,313469,107,101,507.1
E02000647,Lambeth 030,331696,56,99,491.9
E02000648,Lambeth 031,256895,82,99,461
E02000649,Lambeth 032,305671,85,102,469.4
E02000650,Lambeth 033,282830,78,99,463.9
E02000651,Lambeth 034,321580,78,100,483.6
E02000652,Lambeth 035,254584,44,99,500.1
E02000653,Lewisham 001,271405,58,100,388.4
E02000654,Lewisham 002,206697,91,101,373.3
E02000655,Lewisham 003,214515,75,100,401.6
E02000656,Lewisham 004,189532,163,104,446.4
E02000657,Lewisham 005,279971,121,105,408
E02000658,Lewisham 006,341065,73,103,399.7
E02000659,Lewisham 007,435559,91,101,411.3
E02000660,Lewisham 008,297279,83,102,424.5
E02000661,Lewisham 009,429663,90,101,450.2
E02000662,Lewisham 010,343000,59,100,383.1
E02000663,Lewisham 011,256295,63,99,426.5
E02000664,Lewisham 012,235803,210,102,427.9
E02000665,Lewisham 013,329857,70,98,431.9
E02000666,Lewisham 014,286434,65,100,430.4
E02000667,Lewisham 015,317591,57,101,417.6
E02000668,Lewisham 016,302958,59,99,482.5
E02000669,Lewisham 017,247127,61,100,379.6
E02000670,Lewisham 018,209232,76,100,399.8
E02000671,Lewisham 019,306905,67,100,393.5
E02000672,Lewisham 020,247554,145,101,407
E02000673,Lewisham 021,359619,77,100,399.7
E02000674,Lewisham 022,259407,39,98,415
E02000675,Lewisham 023,258805,67,98,448.4
E02000676,Lewisham 024,304197,57,99,397
E02000677,Lewisham 025,275455,59,97,424.2
E02000678,Lewisham 026,205734,68,98,399.5
E02000679,Lewisham 027,254355,65,98,356.4
E02000680,Lewisham 028,291198,84,100,401.3
E02000681,Lewisham 029,240009,72,98,387.4
E02000682,Lewisham 030,224286,91,97,398.1
E02000683,Lewisham 031,205211,55,96,359.7
E02000684,Lewisham 032,176681,82,97,402.1
E02000685,Lewisham 033,233614,74,99,390.4
E02000686,Lewisham 034,196963,85,97,341.2
E02000687,Lewisham 035,300312,67,98,414.8
E02000688,Lewisham 036,223642,100,97,435.8
E02000689,Merton 001,656305,60,99,522.6
E02000690,Merton 002,1744336,65,96,553.3
E02000691,Merton 003,529641,107,99,472.8
E02000692,Merton 004,785294,66,98,413.1
E02000693,Merton 005,273234,70,100,442.4
E02000694,Merton 006,441401,48,99,462.3
E02000695,Merton 007,304676,58,98,464.1
E02000696,Merton 008,216086,55,98,426.7
E02000697,Merton 009,473713,96,101,562.5
E02000698,Merton 010,753708,32,98,525.3
E02000699,Merton 011,460988,38,99,537
E02000700,Merton 012,213503,54,99,400.3
E02000701,Merton 013,212451,71,101,476.6
E02000702,Merton 014,209152,56,99,455.3
E02000703,Merton 015,443579,48,99,514
E02000704,Merton 016,329717,80,100,431.4
E02000705,Merton 017,231813,50,98,457.5
E02000706,Merton 018,197147,83,99,408.1
E02000707,Merton 019,214387,74,97,439.6
E02000708,Merton 020,350548,51,98,496.2
E02000709,Merton 021,342909,28,96,477
E02000710,Merton 022,232045,84,99,444.7
E02000711,Merton 023,223089,81,100,440.9
E02000712,Merton 024,232651,58,97,439.6
E02000713,Merton 025,264012,33,96,476.2
E02000714,Newham 001,235782,73,98,415.9
E02000715,Newham 002,194398,73,101,400.1
E02000716,Newham 003,216536,91,98,380.8
E02000717,Newham 004,187000,79,100,433.2
E02000718,Newham 005,160138,61,102,390.8
E02000719,Newham 006,244481,85,99,368
E02000720,Newham 007,284321,68,99,438.4
E02000721,Newham 008,217413,102,100,425.1
E02000722,Newham 009,245152,88,102,395.7
E02000723,Newham 010,255111,63,98,428.5
E02000724,Newham 011,203389,52,98,387
E02000725,Newham 012,231667,260,106,412.1
E02000726,Newham 013,235219,299,102,391.5
E02000727,Newham 014,224795,79,100,420.1
E02000728,Newham 015,216707,55,100,461.3
E02000729,Newham 016,215226,64,99,433.4
E02000730,Newham 017,198079,80,99,427.4
E02000731,Newham 018,208694,157,101,455.7
E02000732,Newham 019,193325,77,98,423.9
E02000733,Newham 020,209621,71,102,393.3
E02000734,Newham 021,215130,67,101,427
E02000735,Newham 022,206409,95,99,388.2
E02000736,Newham 023,190161,74,106,386.9
E02000737,Newham 024,207218,83,98,444.3
E02000738,Newham 025,211669,70,99,494.5
E02000739,Newham 026,201400,78,101,403.8
E02000740,Newham 027,193797,66,99,387.9
E02000741,Newham 028,186647,87,100,459
E02000742,Newham 029,200631,64,104,456.8
E02000743,Newham 030,208587,101,104,388.5
E02000744,Newham 031,201268,77,109,385.5
E02000745,Newham 032,210826,65,106,396
E02000746,Newham 033,233000,162,99,410.2
E02000747,Newham 034,222728,77,103,363.6
E02000748,Newham 035,210256,83,99,404.1
E02000749,Newham 036,195022,119,101,409.1
E02000750,Newham 037,250518,75,99,386.7
E02000751,Redbridge 001,461205,51,96,455
E02000752,Redbridge 002,207826,83,93,401.2
E02000753,Redbridge 003,227559,56,93,388.6
E02000754,Redbridge 004,314321,56,96,436
E02000755,Redbridge 005,258484,71,99,447.1
E02000756,Redbridge 006,296809,67,95,421.4
E02000757,Redbridge 007,318044,83,102,455
E02000758,Redbridge 008,290853,47,96,466.1
E02000759,Redbridge 009,325649,63,105,469.5
E02000760,Redbridge 010,254189,71,96,453.3
E02000761,Redbridge 011,365597,48,98,497.9
E02000762,Redbridge 012,312205,49,99,501.9
E02000763,Redbridge 013,248313,59,95,470.6
E02000764,Redbridge 014,393858,65,99,470.9
E02000765,Redbridge 015,285713,71,99,491.5
E02000766,Redbridge 016,348189,60,100,484.6
E02000767,Redbridge 017,264976,77,98,458.5
E02000768,Redbridge 018,497021,67,103,427.4
E02000769,Redbridge 019,226782,60,97,460.6
E02000770,Redbridge 020,238138,47,99,489.1
E02000771,Redbridge 021,324135,95,99,494.6
E02000772,Redbridge 022,232500,98,98,428.7
E02000773,Redbridge 023,298568,53,99,461.4
E02000774,Redbridge 024,253871,70,97,448.7
E02000775,Redbridge 025,335621,52,104,473.4
E02000776,Redbridge 026,248665,67,97,483.6
E02000777,Redbridge 027,417833,81,97,463.6
E02000778,Redbridge 028,207452,73,97,445.9
E02000779,Redbridge 029,246574,142,101,499
E02000780,Redbridge 030,206930,146,99,447.2
E02000781,Redbridge 031,255753,61,96,452.4
E02000782,Redbridge 032,200948,103,105,446.2
E02000783,Redbridge 033,203973,63,97,431.2
E02000784,Richmond upon Thames 001,1132999,62,99,411.1
E02000785,Richmond upon Thames 002,718154,63,97,568.4
E02000786,Richmond upon Thames 003,699546,69,101,459.8
E02000787,Richmond upon Thames 004,514025,62,100,432.2
E02000788,Richmond upon Thames 005,645573,48,100,499.2
E02000789,Richmond upon Thames 006,712742,62,97,408.1
E02000790,Richmond upon Thames 007,691077,46,100,534.6
E02000791,Richmond upon Thames 008,984714,164,101,435.4
E02000792,Richmond upon Thames 009,737712,38,97,580.7
E02000793,Richmond upon Thames 010,337066,50,97,491.7
E02000794,Richmond upon Thames 011,476745,57,100,472.9
E02000795,Richmond upon Thames 012,857408,52,96,497.2
E02000796,Richmond upon Thames 013,319799,56,97,458.6
E02000797,Richmond upon Thames 014,455740,90,98,492.7
E02000798,Richmond upon Thames 015,386264,55,97,454.5
E02000799,Richmond upon Thames 016,555459,38,96,550.9
E02000800,Richmond upon Thames 017,360347,54,95,413.9
E02000801,Richmond upon Thames 018,522772,37,97,520.5
E02000802,Richmond upon Thames 019,497025,44,97,482.9
E02000803,Richmond upon Thames 020,383132,56,95,438.4
E02000804,Richmond upon Thames 021,540485,60,95,546.2
E02000805,Richmond upon Thames 022,491120,51,95,511.7
E02000806,Richmond upon Thames 023,451590,47,95,478.6
E02000807,Southwark 001,358624,54,101,436.3
E02000808,Southwark 002,681418,336,110,447.8
E02000809,Southwark 003,568298,151,106,431.8
E02000810,Southwark 004,356254,100,104,412.2
E02000811,Southwark 005,418871,136,112,434.8
E02000812,Southwark 006,375548,100,107,463.8
E02000813,Southwark 007,336496,120,104,423.4
E02000814,Southwark 008,330512,72,99,450.7
E02000815,Southwark 009,395125,185,111,484.6
E02000816,Southwark 010,241958,92,103,425.5
E02000817,Southwark 011,238679,86,102,414.5
E02000818,Southwark 012,296997,121,107,417.9
E02000819,Southwark 013,366878,99,108,409
E02000820,Southwark 014,396020,85,106,459.7
E02000821,Southwark 015,204759,123,104,445.2
E02000822,Southwark 016,246096,93,103,409.1
E02000823,Southwark 017,317182,97,105,437.1
E02000824,Southwark 018,216875,97,102,417.6
E02000825,Southwark 019,210856,76,102,442.3
E02000826,Southwark 020,235310,83,102,458.6
E02000827,Southwark 021,298410,123,106,434.7
E02000828,Southwark 022,235767,198,105,376.1
E02000829,Southwark 023,288031,97,103,416.9
E02000830,Southwark 024,407502,91,104,462
E02000831,Southwark 025,394655,115,101,415.3
E02000832,Southwark 026,293333,70,101,409.4
E02000833,Southwark 027,337941,61,100,484.7
E02000834,Southwark 028,455311,74,101,467.2
E02000835,Southwark 029,352595,52,98,437.7
E02000836,Southwark 030,491633,62,101,505.5
E02000837,Southwark 031,757191,80,101,492.2
E02000838,Southwark 032,372638,57,100,479
E02000839,Southwark 033,412230,73,99,434.1
E02000840,Sutton 001,199212,57,98,438.5
E02000841,Sutton 002,204938,66,98,446.1
E02000842,Sutton 003,257859,63,97,511.8
E02000843,Sutton 004,196999,56,96,449.2
E02000844,Sutton 005,221025,51,97,429.5
E02000845,Sutton 006,321645,43,95,509.1
E02000846,Sutton 007,258351,45,97,481.4
E02000847,Sutton 008,298432,32,96,558.3
E02000848,Sutton 009,272829,52,97,595.4
E02000849,Sutton 010,249983,43,97,485.2
E02000850,Sutton 011,234311,61,97,507.3
E02000851,Sutton 012,185137,211,96,419.4
E02000852,Sutton 013,239056,36,96,502.3
E02000853,Sutton 014,250383,40,97,540.6
E02000854,Sutton 015,304657,60,97,491
E02000855,Sutton 016,389635,42,97,562.6
E02000856,Sutton 017,256598,68,97,491.2
E02000857,Sutton 018,218981,41,96,483
E02000858,Sutton 019,223712,68,96,447.5
E02000859,Sutton 020,290888,43,96,515.9
E02000860,Sutton 021,190676,37,95,460.5
E02000861,Sutton 022,442603,28,95,501
E02000862,Sutton 023,477355,26,95,517.4
E02000863,Sutton 024,415682,39,94,511.8
E02000864,Tower Hamlets 001,306717,94,106,397.4
E02000865,Tower Hamlets 002,367043,116,105,411.7
E02000866,Tower Hamlets 003,417898,160,103,440.9
E02000867,Tower Hamlets 004,293868,84,111,420.4
E02000868,Tower Hamlets 005,320794,111,105,455.7
E02000869,Tower Hamlets 006,434201,155,105,405.8
E02000870,Tower Hamlets 007,284266,89,105,389.7
E02000871,Tower Hamlets 008,263628,79,112,409.4
E02000872,Tower Hamlets 009,390391,188,104,429.9
E02000873,Tower Hamlets 010,302615,85,104,438.9
E02000874,Tower Hamlets 011,273903,91,105,421.5
E02000875,Tower Hamlets 012,271609,84,102,420.9
E02000876,Tower Hamlets 013,264730,173,104,475.3
E02000877,Tower Hamlets 014,261720,106,103,414.4
E02000878,Tower Hamlets 015,482111,257,109,412.6
E02000879,Tower Hamlets 016,347056,73,104,458.3
E02000880,Tower Hamlets 017,261047,143,104,448.3
E02000881,Tower Hamlets 018,266024,79,108,414.9
E02000882,Tower Hamlets 019,302124,74,103,467.6
E02000883,Tower Hamlets 020,217617,100,110,411.2
E02000884,Tower Hamlets 021,359725,116,114,445.7
E02000885,Tower Hamlets 022,292314,70,108,459
E02000886,Tower Hamlets 023,352674,79,111,423.5
E02000887,Tower Hamlets 024,250168,79,107,415.2
E02000888,Tower Hamlets 025,403080,74,113,465.5
E02000889,Tower Hamlets 026,393729,72,109,481.4
E02000890,Tower Hamlets 027,548944,91,104,502.8
E02000891,Tower Hamlets 028,386139,74,110,430.3
E02000892,Tower Hamlets 029,425447,107,103,451.2
E02000893,Tower Hamlets 030,312183,49,99,381.1
E02000894,Tower Hamlets 031,334720,35,99,409.5
E02000895,Waltham Forest 001,289044,69,96,418.3
E02000896,Waltham Forest 002,303282,63,94,459.8
E02000897,Waltham Forest 003,280342,68,96,394.9
E02000898,Waltham Forest 004,269410,57,96,414.9
E02000899,Waltham Forest 005,256172,89,97,424.8
E02000900,Waltham Forest 006,225028,151,104,394.2
E02000901,Waltham Forest 007,303639,64,97,444.1
E02000902,Waltham Forest 008,228854,68,101,385.9
E02000903,Waltham Forest 009,215571,63,99,378.6
E02000904,Waltham Forest 010,251977,74,100,402.1
E02000905,Waltham Forest 011,244410,75,98,408.3
E02000906,Waltham Forest 012,220812,56,97,374.6
E02000907,Waltham Forest 013,254646,73,98,384
E02000908,Waltham Forest 014,216084,63,98,388.2
E02000909,Waltham Forest 015,313484,75,99,460.2
E02000910,Waltham Forest 016,268232,87,99,425.7
E02000911,Waltham Forest 017,224911,218,98,412.2
E02000912,Waltham Forest 018,234223,67,97,417.6
E02000913,Waltham Forest 019,274039,107,98,421.4
E02000914,Waltham Forest 020,220026,111,100,399.5
E02000915,Waltham Forest 021,277546,67,102,433.7
E02000916,Waltham Forest 022,207009,88,99,380.4
E02000917,Waltham Forest 023,214528,70,100,369.8
E02000918,Waltham Forest 024,279661,112,107,384
E02000919,Waltham Forest 025,237888,61,105,371.9
E02000920,Waltham Forest 026,225167,129,102,361.4
E02000921,Waltham Forest 027,211028,68,102,371.9
E02000922,Waltham Forest 028,219229,69,99,376
E02000923,Wandsworth 001,758478,100,104,487
E02000924,Wandsworth 002,464596,86,105,455
E02000925,Wandsworth 003,521396,80,106,472.4
E02000926,Wandsworth 004,487190,83,104,498.9
E02000927,Wandsworth 005,468001,72,103,465.4
E02000928,Wandsworth 006,708291,75,100,375
E02000929,Wandsworth 007,289679,72,107,433
E02000930,Wandsworth 008,516882,141,105,454.3
E02000931,Wandsworth 009,696386,50,104,499.4
E02000932,Wandsworth 010,496595,161,105,484.9
E02000933,Wandsworth 011,675466,61,100,417.6
E02000934,Wandsworth 012,520869,138,109,471.6
E02000935,Wandsworth 013,696369,72,98,394.7
E02000936,Wandsworth 014,531985,49,102,401.1
E02000937,Wandsworth 015,926850,57,101,415.7
E02000938,Wandsworth 016,491974,58,98,405.2
E02000939,Wandsworth 017,1041288,52,101,393.7
E02000940,Wandsworth 018,326601,121,103,476.9
E02000941,Wandsworth 019,594564,58,103,423.6
E02000942,Wandsworth 020,549415,40,101,563.2
E02000943,Wandsworth 021,614958,120,102,472.1
E02000944,Wandsworth 022,324230,44,100,440.8
E02000945,Wandsworth 023,354154,80,99,478.1
E02000946,Wandsworth 024,420589,75,101,439.2
E02000947,Wandsworth 025,501489,49,100,467.7
E02000948,Wandsworth 026,451225,54,101,452.2
E02000949,Wandsworth 027,661237,74,100,490.8
E02000950,Wandsworth 028,444767,30,97,443.6
E02000951,Wandsworth 029,528724,83,103,437
E02000952,Wandsworth 030,546732,68,101,458.6
E02000953,Wandsworth 031,431111,52,101,472.1
E02000954,Wandsworth 032,439332,57,100,490
E02000955,Wandsworth 033,350308,66,100,399.9
E02000956,Wandsworth 034,281504,100,100,430.3
E02000957,Wandsworth 035,302795,112,102,449.1
E02000958,Wandsworth 036,391675,51,99,492.2
E02000959,Wandsworth 037,268979,56,100,444.3
E02000960,Westminster 001,1245297,66,104,427.9
E02000961,Westminster 002,1159136,65,104,394.7
E02000962,Westminster 003,768880,49,109,466.8
E02000963,Westminster 004,447771,66,103,432.7
E02000964,Westminster 005,345983,64,106,489.3
E02000965,Westminster 006,591928,64,102,430.7
E02000966,Westminster 007,1015304,73,107,448.1
E02000967,Westminster 008,1032486,169,109,404.2
E02000968,Westminster 009,424793,88,114,457.6
E02000969,Westminster 010,391395,91,118,454.1
E02000970,Westminster 011,1503583,516,120,439.4
E02000971,Westminster 012,894992,274,126,484
E02000972,Westminster 013,1169736,1877,116,449.3
E02000973,Westminster 014,985474,117,114,466.9
E02000974,Westminster 015,896165,163,118,454.4
E02000975,Westminster 016,1128554,116,117,515
E02000976,Westminster 017,1056200,197,107,544.5
E02000977,Westminster 018,1724193,1934,119,490.2
E02000978,Westminster 019,4595285,216,108,577.3
E02000979,Westminster 020,997564,236,114,412
E02000980,Westminster 021,697307,72,110,448.3
E02000981,Westminster 022,815800,84,111,472.7
E02000982,Westminster 023,1038693,238,112,448.8
E02000983,Westminster 024,693048,52,111,433.6
,MSOA average for London,395714.6,85.8,100.0,449.4
,,,,,
,,,,,